[{"model": "orders.order", "pk": 1, "fields": {"user": null, "title": "Postman Test", "description": "Hello World", "location": null, "places": "10 world", "category": null, "email": "kuma@gmail.com", "tel": "09998877", "cretated": "2022-09-21T03:57:32.884Z", "status": true, "completed": false}}, {"model": "orders.order", "pk": 2, "fields": {"user": null, "title": null, "description": "Тест", "location": null, "places": null, "category": null, "email": "", "tel": "0559996474", "cretated": "2022-09-21T15:33:30.930Z", "status": true, "completed": false}}, {"model": "orders.order", "pk": 3, "fields": {"user": null, "title": null, "description": "z.dkfjnkz", "location": null, "places": null, "category": null, "email": "", "tel": "6132", "cretated": "2022-09-24T16:26:33.496Z", "status": true, "completed": false}}, {"model": "orders.order", "pk": 4, "fields": {"user": null, "title": null, "description": "ljhgljkdgnwov", "location": null, "places": null, "category": null, "email": "", "tel": "643651", "cretated": "2022-09-24T16:26:42.409Z", "status": true, "completed": false}}, {"model": "orders.order", "pk": 5, "fields": {"user": null, "title": null, "description": "Геолог", "location": null, "places": null, "category": null, "email": "arealresurs_geology@mail.ru", "tel": "0552118340", "cretated": "2022-09-25T02:46:31.322Z", "status": true, "completed": false}}, {"model": "orders.order", "pk": 6, "fields": {"user": null, "title": null, "description": "Курсы программирование", "location": null, "places": null, "category": null, "email": "beknazar.ziabidinov@gmail.com", "tel": "+996771830438", "cretated": "2022-09-28T19:34:02.776Z", "status": true, "completed": false}}, {"model": "orders.order", "pk": 7, "fields": {"user": null, "title": null, "description": "Descr", "location": null, "places": null, "category": null, "email": "cemetey.2019@gmail.com", "tel": "0778010039", "cretated": "2022-09-29T09:40:16.477Z", "status": true, "completed": true}}, {"model": "orders.order", "pk": 8, "fields": {"user": null, "title": null, "description": ",kwreurf,3rkhf", "location": null, "places": null, "category": null, "email": "", "tel": "0559993474", "cretated": "2022-10-01T16:58:58.535Z", "status": true, "completed": false}}, {"model": "orders.order", "pk": 9, "fields": {"user": null, "title": null, "description": "It", "location": null, "places": null, "category": null, "email": "bekishsuper@gmail.com", "tel": "+996771830438", "cretated": "2022-10-01T16:59:15.467Z", "status": true, "completed": false}}, {"model": "orders.order", "pk": 10, "fields": {"user": null, "title": null, "description": "sdFsvsf", "location": null, "places": null, "category": null, "email": "", "tel": "65465", "cretated": "2022-10-02T10:42:40.479Z", "status": true, "completed": true}}, {"model": "orders.order", "pk": 11, "fields": {"user": null, "title": null, "description": "jfn,dznvm,", "location": null, "places": null, "category": null, "email": "", "tel": "121", "cretated": "2022-10-05T16:38:14.749Z", "status": true, "completed": false}}, {"model": "orders.order", "pk": 12, "fields": {"user": null, "title": null, "description": "fvk.nd.kfvm,.", "location": null, "places": null, "category": null, "email": "", "tel": "45122", "cretated": "2022-10-05T16:38:23.793Z", "status": true, "completed": false}}, {"model": "orders.order", "pk": 13, "fields": {"user": null, "title": null, "description": "Нужен электрик", "location": 2, "places": null, "category": 24, "email": "", "tel": "0559996474", "cretated": "2022-10-17T04:20:09.598Z", "status": true, "completed": false}}, {"model": "orders.order", "pk": 14, "fields": {"user": null, "title": null, "description": "test", "location": 21, "places": null, "category": null, "email": "", "tel": "6541321", "cretated": "2022-10-18T17:02:58.812Z", "status": true, "completed": false}}, {"model": "orders.order", "pk": 15, "fields": {"user": null, "title": null, "description": "Hello", "location": 1, "places": null, "category": null, "email": "", "tel": "123", "cretated": "2022-10-18T17:04:48.566Z", "status": true, "completed": false}}, {"model": "orders.order", "pk": 16, "fields": {"user": null, "title": null, "description": "Тестовый заказ", "location": 2, "places": null, "category": 27, "email": "", "tel": "0559996474", "cretated": "2022-10-27T04:13:25.350Z", "status": true, "completed": false}}, {"model": "orders.order", "pk": 17, "fields": {"user": null, "title": null, "description": "яэвалпэяждм", "location": null, "places": null, "category": null, "email": "", "tel": "84654", "cretated": "2022-10-27T04:42:20.219Z", "status": true, "completed": false}}, {"model": "orders.order", "pk": 18, "fields": {"user": null, "title": null, "description": "эзщлэд", "location": null, "places": null, "category": null, "email": "", "tel": "84564", "cretated": "2022-10-27T04:46:57.654Z", "status": true, "completed": false}}, {"model": "orders.order", "pk": 19, "fields": {"user": null, "title": null, "description": "Повбр", "location": null, "places": null, "category": null, "email": "", "tel": "576", "cretated": "2022-10-27T04:47:58.553Z", "status": true, "completed": true}}, {"model": "orders.order", "pk": 20, "fields": {"user": null, "title": null, "description": "Нужен программист по NodeJS", "location": 2, "places": null, "category": 24, "email": "toktorovkurmanbek92@gmail.com", "tel": "0772343206", "cretated": "2022-10-31T08:11:48.938Z", "status": true, "completed": false}}, {"model": "orders.order", "pk": 21, "fields": {"user": null, "title": null, "description": "Нужен программист для Backend разработки на NodeJS", "location": 2, "places": null, "category": 24, "email": "toktorovkurmanbek92@gmail.com", "tel": "0777889900", "cretated": "2022-10-31T09:28:02.529Z", "status": true, "completed": false}}, {"model": "orders.order", "pk": 22, "fields": {"user": null, "title": null, "description": "Test", "location": 2, "places": null, "category": 24, "email": "toktorovkurmanbek92@gmail.com", "tel": "0999999999", "cretated": "2022-10-31T09:39:35.413Z", "status": true, "completed": false}}, {"model": "orders.order", "pk": 23, "fields": {"user": null, "title": null, "description": "xf;ojlfb", "location": null, "places": null, "category": null, "email": "", "tel": "64352", "cretated": "2022-10-31T16:18:29.643Z", "status": true, "completed": true}}, {"model": "orders.order", "pk": 24, "fields": {"user": null, "title": null, "description": "x/lbm/xlb", "location": null, "places": null, "category": null, "email": "", "tel": "5421", "cretated": "2022-10-31T16:18:41.536Z", "status": true, "completed": true}}, {"model": "orders.order", "pk": 25, "fields": {"user": null, "title": null, "description": "21", "location": null, "places": null, "category": null, "email": "", "tel": "53543", "cretated": "2022-10-31T16:18:50.634Z", "status": true, "completed": false}}, {"model": "orders.order", "pk": 26, "fields": {"user": null, "title": null, "description": "hbnb n,mnkjvh", "location": null, "places": null, "category": null, "email": "", "tel": "66512", "cretated": "2022-11-01T04:16:42.850Z", "status": true, "completed": true}}, {"model": "orders.order", "pk": 27, "fields": {"user": null, "title": null, "description": "lkd/flz", "location": null, "places": null, "category": null, "email": "", "tel": "54", "cretated": "2022-11-01T04:18:50.008Z", "status": true, "completed": true}}, {"model": "orders.order", "pk": 28, "fields": {"user": null, "title": null, "description": "vfxgjlkdv", "location": null, "places": null, "category": null, "email": "", "tel": "64312", "cretated": "2022-11-01T04:18:58.438Z", "status": true, "completed": true}}, {"model": "orders.order", "pk": 29, "fields": {"user": null, "title": null, "description": "Hello", "location": null, "places": null, "category": null, "email": "toktorovkurmanbek92@gmail.com", "tel": "0888997766", "cretated": "2022-11-02T12:24:40.502Z", "status": true, "completed": true}}, {"model": "orders.order", "pk": 30, "fields": {"user": null, "title": null, "description": "Видео Фото услуги", "location": 1, "places": null, "category": 34, "email": "beknazar.ziabidinov@gmail.com", "tel": "+996771830438", "cretated": "2022-11-02T15:50:01.932Z", "status": true, "completed": true}}, {"model": "orders.order", "pk": 31, "fields": {"user": null, "title": null, "description": "Услуги медицины", "location": 2, "places": null, "category": 27, "email": "primer@gmail.com", "tel": "+996999999", "cretated": "2022-11-02T15:59:49.863Z", "status": true, "completed": true}}, {"model": "orders.order", "pk": 32, "fields": {"user": null, "title": null, "description": "Авто", "location": 1, "places": null, "category": 32, "email": "arealresurs_geology@mail.ru", "tel": "0552118340", "cretated": "2022-11-02T16:02:52.740Z", "status": true, "completed": false}}, {"model": "orders.order", "pk": 33, "fields": {"user": null, "title": null, "description": "'dfgkl'dflgk", "location": null, "places": null, "category": null, "email": "", "tel": "387", "cretated": "2022-11-02T16:02:54.320Z", "status": true, "completed": false}}, {"model": "orders.order", "pk": 34, "fields": {"user": null, "title": null, "description": "lkfjv;fdlk", "location": null, "places": null, "category": null, "email": "", "tel": "38754", "cretated": "2022-11-02T16:16:40.466Z", "status": true, "completed": false}}, {"model": "orders.order", "pk": 35, "fields": {"user": null, "title": null, "description": ";igh;sdijg;blxfgb", "location": null, "places": null, "category": null, "email": "", "tel": "123465", "cretated": "2022-11-02T16:18:52.269Z", "status": true, "completed": false}}, {"model": "orders.order", "pk": 36, "fields": {"user": null, "title": null, "description": ";sihjg;kgb", "location": null, "places": null, "category": null, "email": "", "tel": "123456", "cretated": "2022-11-02T16:19:29.230Z", "status": true, "completed": false}}, {"model": "orders.order", "pk": 37, "fields": {"user": null, "title": null, "description": "ваавмчвам", "location": null, "places": null, "category": null, "email": "", "tel": "6546513", "cretated": "2022-11-02T16:28:50.286Z", "status": true, "completed": false}}, {"model": "orders.order", "pk": 38, "fields": {"user": null, "title": null, "description": "длотлдо", "location": null, "places": null, "category": null, "email": "", "tel": "54654", "cretated": "2022-11-02T16:30:20.336Z", "status": true, "completed": false}}, {"model": "orders.order", "pk": 39, "fields": {"user": null, "title": null, "description": "дордло", "location": null, "places": null, "category": null, "email": "", "tel": "9565", "cretated": "2022-11-02T16:30:43.245Z", "status": true, "completed": false}}, {"model": "orders.order", "pk": 40, "fields": {"user": null, "title": null, "description": "каоырвидпоч", "location": null, "places": null, "category": null, "email": "", "tel": "66556", "cretated": "2022-11-02T16:37:03.133Z", "status": true, "completed": false}}, {"model": "orders.order", "pk": 41, "fields": {"user": null, "title": null, "description": "Нужен кондитер в цех", "location": 7, "places": null, "category": 29, "email": "gulnur@gmail.com", "tel": "0778123478", "cretated": "2022-11-02T16:37:30.551Z", "status": true, "completed": false}}, {"model": "orders.order", "pk": 42, "fields": {"user": null, "title": null, "description": "Телефон чалууларды албай калсам вотсап аркылуу байланышсаңар болот. 0773124412", "location": 2, "places": null, "category": 25, "email": "saparbek_81@mail.ru", "tel": "0773124412", "cretated": "2022-11-02T19:44:38.726Z", "status": false, "completed": false}}, {"model": "orders.order", "pk": 43, "fields": {"user": null, "title": null, "description": "Order for test", "location": null, "places": null, "category": null, "email": "", "tel": "156132", "cretated": "2022-11-04T06:42:02.253Z", "status": false, "completed": false}}, {"model": "orders.order", "pk": 44, "fields": {"user": null, "title": null, "description": "second order for tet", "location": null, "places": null, "category": null, "email": "", "tel": "7777777", "cretated": "2022-11-04T06:42:22.719Z", "status": false, "completed": false}}, {"model": "orders.order", "pk": 45, "fields": {"user": null, "title": null, "description": "Тест после добавления безопасности", "location": 2, "places": null, "category": 24, "email": "", "tel": "4665412", "cretated": "2022-11-07T05:20:41.202Z", "status": true, "completed": true}}, {"model": "orders.order", "pk": 46, "fields": {"user": null, "title": null, "description": "Test", "location": 2, "places": null, "category": 24, "email": "gg@gmail.com", "tel": "0777665543", "cretated": "2022-11-07T16:04:07.690Z", "status": false, "completed": false}}, {"model": "orders.acceptorder", "pk": 1, "fields": {"user": 1, "order": 5, "created": "2022-09-25T12:39:51.928Z"}}, {"model": "orders.acceptorder", "pk": 4, "fields": {"user": 5, "order": 7, "created": "2022-09-29T09:48:23.418Z"}}, {"model": "orders.acceptorder", "pk": 9, "fields": {"user": 19, "order": 20, "created": "2022-10-31T09:26:44.512Z"}}, {"model": "orders.acceptorder", "pk": 10, "fields": {"user": 19, "order": 22, "created": "2022-10-31T12:34:31.217Z"}}, {"model": "orders.acceptorder", "pk": 11, "fields": {"user": 3, "order": 24, "created": "2022-10-31T16:19:35.341Z"}}, {"model": "orders.acceptorder", "pk": 13, "fields": {"user": 3, "order": 26, "created": "2022-11-01T04:16:50.541Z"}}, {"model": "orders.acceptorder", "pk": 14, "fields": {"user": 3, "order": 28, "created": "2022-11-01T04:19:06.382Z"}}, {"model": "orders.acceptorder", "pk": 15, "fields": {"user": 3, "order": 27, "created": "2022-11-01T04:19:37.423Z"}}, {"model": "orders.acceptorder", "pk": 21, "fields": {"user": 3, "order": 23, "created": "2022-11-02T15:43:04.538Z"}}, {"model": "orders.acceptorder", "pk": 22, "fields": {"user": 4, "order": 30, "created": "2022-11-02T15:53:11.876Z"}}, {"model": "orders.acceptorder", "pk": 23, "fields": {"user": 4, "order": 29, "created": "2022-11-02T15:53:19.009Z"}}, {"model": "orders.acceptorder", "pk": 24, "fields": {"user": 4, "order": 19, "created": "2022-11-02T15:53:23.573Z"}}, {"model": "orders.acceptorder", "pk": 25, "fields": {"user": 6, "order": 10, "created": "2022-11-02T15:55:40.721Z"}}, {"model": "orders.acceptorder", "pk": 26, "fields": {"user": 6, "order": 31, "created": "2022-11-02T16:01:30.978Z"}}, {"model": "orders.acceptorder", "pk": 27, "fields": {"user": 3, "order": 33, "created": "2022-11-02T16:03:12.677Z"}}, {"model": "orders.acceptorder", "pk": 29, "fields": {"user": 3, "order": 35, "created": "2022-11-02T16:19:07.837Z"}}, {"model": "orders.acceptorder", "pk": 30, "fields": {"user": 3, "order": 38, "created": "2022-11-02T16:31:35.066Z"}}, {"model": "orders.acceptorder", "pk": 31, "fields": {"user": 3, "order": 40, "created": "2022-11-02T16:37:18.638Z"}}, {"model": "orders.acceptorder", "pk": 32, "fields": {"user": 4006, "order": 41, "created": "2022-11-03T04:40:22.608Z"}}, {"model": "orders.acceptorder", "pk": 34, "fields": {"user": 4016, "order": 45, "created": "2022-11-07T16:04:17.379Z"}}, {"model": "orders.review", "pk": 1, "fields": {"message": "Не ну на первое время пойдет", "created": "2022-10-26T06:21:02.340Z"}}, {"model": "orders.review", "pk": 2, "fields": {"message": "Первая проверка", "created": "2022-10-26T06:31:46.129Z"}}, {"model": "orders.review", "pk": 3, "fields": {"message": "Вторая проверка", "created": "2022-10-26T06:45:41.381Z"}}, {"model": "orders.review", "pk": 4, "fields": {"message": "Третья проверка", "created": "2022-10-26T06:46:36.716Z"}}, {"model": "orders.review", "pk": 5, "fields": {"message": "Test Postman", "created": "2022-10-26T15:18:07.631Z"}}, {"model": "orders.review", "pk": 6, "fields": {"message": "Отзыв", "created": "2022-10-26T15:18:48.545Z"}}, {"model": "orders.review", "pk": 7, "fields": {"message": "мм", "created": "2022-10-26T15:20:06.464Z"}}, {"model": "orders.review", "pk": 8, "fields": {"message": "Крутой проект и да yarn лучше", "created": "2022-11-01T06:34:23.670Z"}}, {"model": "orders.review", "pk": 9, "fields": {"message": "Надо убрать ботов", "created": "2022-11-02T15:51:03.205Z"}}, {"model": "orders.review", "pk": 10, "fields": {"message": "Тестовый отзыв", "created": "2022-11-07T05:26:56.463Z"}}]
