[{"model": "users.user", "pk": 1, "fields": {"last_login": "2022-10-09T06:33:56Z", "is_superuser": false, "first_name": "IT-RUN", "last_name": "Toktorov Kurmanbek", "is_staff": false, "is_active": true, "date_joined": "2022-09-21T03:51:33Z", "username": "kurmanbek", "description": "Sardor", "profile_image": "profiles/no-image-available-icon-flat-vector-no-image-available-icon-flat-vector-illustr_9eByNzM.jpg", "user_location": null, "user_category": null, "another": "", "password": "pbkdf2_sha256$320000$dbuZdVMkPEdQ9A17bXTBw8$JkcaepyR/vlxfjWjwzBpfdGvsnSKjg/rNRyIBERFasQ=", "email": "admin@site.ru", "verifed": false, "status_user": "Usually", "customer_or_employee": "Работник", "groups": [], "user_permissions": []}}, {"model": "users.user", "pk": 2, "fields": {"last_login": "2022-11-07T06:08:41.329Z", "is_superuser": true, "first_name": "", "last_name": "", "is_staff": true, "is_active": true, "date_joined": "2022-09-21T03:56:57.042Z", "username": "kyzmat", "description": "Пользователь не добавил описание", "profile_image": "", "user_location": null, "user_category": null, "another": null, "password": "pbkdf2_sha256$320000$kx0ayoX8LnreAKaWptF1HM$WPYHybIoAvy2zAXY3F0MrN2rU4ZD4UPK1F7ZeUNwiNY=", "email": "", "verifed": false, "status_user": "Free", "customer_or_employee": "Работник", "groups": [], "user_permissions": []}}, {"model": "users.user", "pk": 3, "fields": {"last_login": null, "is_superuser": false, "first_name": "Кубанычбек", "last_name": "Назаралиев", "is_staff": false, "is_active": true, "date_joined": "2022-09-21T15:29:01.290Z", "username": "kuba", "description": "frontend react", "profile_image": "profiles/2020-BMW-M5-Facelift-F90-LCI-Tuning-M-Performance-05.jpg", "user_location": 2, "user_category": 30, "another": null, "password": "pbkdf2_sha256$320000$Ek5LGYOQiMcdMP9EhkyNkR$M3lzrRt4ZW6RB19EpD22jVJzg7zkYIADAUmEWSRq1hc=", "email": null, "verifed": false, "status_user": "Usually", "customer_or_employee": "Работник", "groups": [], "user_permissions": []}}, {"model": "users.user", "pk": 4, "fields": {"last_login": null, "is_superuser": false, "first_name": "Kalem.co", "last_name": "Education for every family", "is_staff": false, "is_active": true, "date_joined": "2022-09-27T15:15:45.067Z", "username": "Beknazar", "description": "Курсы программирование", "profile_image": "profiles/IMG_20221001_192118_925.jpg", "user_location": 2, "user_category": 34, "another": null, "password": "pbkdf2_sha256$320000$ya85RTsOHSGLKxAQWii0XF$5KG6+gBDo34yu1eSQLLvbY+b5yn6ATM5hzd+Ka5KjXs=", "email": "bekishsuper@gmail.com", "verifed": false, "status_user": "Usually", "customer_or_employee": "Работник", "groups": [], "user_permissions": []}}, {"model": "users.user", "pk": 5, "fields": {"last_login": null, "is_superuser": false, "first_name": "", "last_name": "", "is_staff": false, "is_active": true, "date_joined": "2022-09-29T09:40:54.650Z", "username": "Bezbak.0", "description": "Пользователь не добавил описание", "profile_image": "", "user_location": null, "user_category": null, "another": null, "password": "pbkdf2_sha256$320000$CdihG9dReyhiXmzpSEDq7s$YXcYcWDNqmQLBPd0zO9GIA6aFdFRWCQb39IwYaqW/xg=", "email": null, "verifed": false, "status_user": "Free", "customer_or_employee": "Работник", "groups": [], "user_permissions": []}}, {"model": "users.user", "pk": 6, "fields": {"last_login": null, "is_superuser": false, "first_name": "Кызмат 24_Геология", "last_name": "Kyzmat24.com/Azamat", "is_staff": false, "is_active": true, "date_joined": "2022-09-29T15:54:09.588Z", "username": "Arealresurs_geology@mail.ru", "description": "Геологические услуги", "profile_image": "profiles/Основы-геологии-Земли.jpg", "user_location": 1, "user_category": null, "another": null, "password": "pbkdf2_sha256$320000$AaenLFiwYPeaU2cA8EuHhK$XEI2E9Ic11sFQxuYMvuw4+GyjxtvB7RDRsdBpZ3pMbc=", "email": "Arealresurs_geology@mail.ru", "verifed": false, "status_user": "Usually", "customer_or_employee": "Работник", "groups": [], "user_permissions": []}}, {"model": "users.user", "pk": 7, "fields": {"last_login": null, "is_superuser": false, "first_name": "Kuma", "last_name": "IT", "is_staff": false, "is_active": true, "date_joined": "2022-10-06T09:32:01.789Z", "username": "kuma", "description": "Пользователь не добавил описание Yeah", "profile_image": "profiles/Tesla_logo.png", "user_location": 1, "user_category": 24, "another": null, "password": "pbkdf2_sha256$320000$d2w9dxgkszxvDuZ5CWVSxW$yfPCiHPXlEi2EI39v9XAzc2o9a9wNU971yixQt5HO5E=", "email": "kuma@gmail.com", "verifed": false, "status_user": "Usually", "customer_or_employee": "Работник", "groups": [], "user_permissions": []}}, {"model": "users.user", "pk": 19, "fields": {"last_login": null, "is_superuser": false, "first_name": "Toktorov", "last_name": "Kurmanbek", "is_staff": false, "is_active": false, "date_joined": "2022-12-11T21:00:00Z", "username": "kuma12", "description": "", "profile_image": "profiles/no-image-available-icon-flat-vector-no-image-available-icon-flat-vector-illustr_3QjNyUo.jpg", "user_location": null, "user_category": null, "another": "", "password": "2020itrun", "email": "kk@gmail.com", "verifed": true, "status_user": "Usually", "customer_or_employee": null, "groups": [], "user_permissions": []}}, {"model": "users.user", "pk": 4002, "fields": {"last_login": null, "is_superuser": false, "first_name": "", "last_name": "", "is_staff": false, "is_active": true, "date_joined": "2022-11-02T16:10:53.763Z", "username": "Urmatbek", "description": "Пользователь не добавил описание", "profile_image": "", "user_location": null, "user_category": null, "another": null, "password": "pbkdf2_sha256$320000$1fz4Z4Tsv8mxyLE8JK1QKO$TJmuHl+h8E9XUOeslTNaFyhhsllYu57mUY0lkR05dwQ=", "email": null, "verifed": false, "status_user": "Free", "customer_or_employee": "Работник", "groups": [], "user_permissions": []}}, {"model": "users.user", "pk": 4003, "fields": {"last_login": null, "is_superuser": false, "first_name": "Камчыбек", "last_name": "Стройка", "is_staff": false, "is_active": true, "date_joined": "2022-11-02T16:11:54.261Z", "username": "Kamchibek", "description": "Стройка", "profile_image": "profiles/40-9.jpg", "user_location": 2, "user_category": 25, "another": null, "password": "pbkdf2_sha256$320000$kx4xZ2grSlAi2mlC8JIlS8$Y/JGV+Pcl4t2TgFrNNHtKmVaZ6hqmBR6Rrly1SeDVfo=", "email": null, "verifed": false, "status_user": "Usually", "customer_or_employee": "Работник", "groups": [], "user_permissions": []}}, {"model": "users.user", "pk": 4004, "fields": {"last_login": null, "is_superuser": false, "first_name": "Andromed", "last_name": "Andromed Clinic", "is_staff": false, "is_active": true, "date_joined": "2022-11-02T16:19:45.019Z", "username": "gulnur", "description": "Привет", "profile_image": "profiles/Suleiman-Too-Osh-Kyrgyzstan.jpg", "user_location": 2, "user_category": 27, "another": null, "password": "pbkdf2_sha256$320000$m0vcwFuIgSdnlnt8Y1Hfr2$a5qmQ7z6nku2EiPxFaz8kQ4hufoc/zZXtGCyDCHvpK0=", "email": "gulnura@gmail.com", "verifed": false, "status_user": "Usually", "customer_or_employee": "Работник", "groups": [], "user_permissions": []}}, {"model": "users.user", "pk": 4005, "fields": {"last_login": null, "is_superuser": false, "first_name": "Multi Service", "last_name": "Malikov Saparali", "is_staff": false, "is_active": true, "date_joined": "2022-11-02T19:33:52.533Z", "username": "saparbek_81@mail.ru", "description": "Multi Service 2022", "profile_image": "profiles/IMG_20221020_132951.jpg", "user_location": null, "user_category": null, "another": null, "password": "pbkdf2_sha256$320000$OfEgVBs6SyuXOnCHVQSO7L$gl0N1B+x/avTdFbkfKHVlsheF1FOuC2NVbe13NJ09QE=", "email": null, "verifed": false, "status_user": "Free", "customer_or_employee": "Работник", "groups": [], "user_permissions": []}}, {"model": "users.user", "pk": 4006, "fields": {"last_login": null, "is_superuser": false, "first_name": "Nurbolot", "last_name": "Erkinbaev", "is_staff": false, "is_active": true, "date_joined": "2022-11-03T04:37:20.392Z", "username": "nurbolot", "description": "Backend Python Developer", "profile_image": "profiles/download.jpeg", "user_location": 2, "user_category": 24, "another": null, "password": "pbkdf2_sha256$320000$oejESzRCeBxLXktwqEpmzj$MUTgZbaDnfKkg66t2jdkobniVqJ2vbdO89GroLZovN0=", "email": "nurbolttop@gmail.com", "verifed": false, "status_user": "Usually", "customer_or_employee": "Работник", "groups": [], "user_permissions": []}}, {"model": "users.user", "pk": 4009, "fields": {"last_login": "2022-11-03T07:06:18Z", "is_superuser": false, "first_name": "Postman", "last_name": "Test", "is_staff": false, "is_active": true, "date_joined": "2022-11-03T07:06:01Z", "username": "postman", "description": "Пользователь не добавил описание", "profile_image": "profiles/Sulpak_Logo.svg_fr3F99L.png", "user_location": 1, "user_category": 24, "another": "Hello", "password": "2020itrun", "email": "hello@gmail.com", "verifed": false, "status_user": "Usually", "customer_or_employee": "Работник", "groups": [], "user_permissions": []}}, {"model": "users.user", "pk": 4011, "fields": {"last_login": "2022-11-03T07:09:54Z", "is_superuser": false, "first_name": "Adi", "last_name": "Bekbashev", "is_staff": false, "is_active": true, "date_joined": "2022-11-03T07:09:52Z", "username": "bezbak1", "description": "Пользователь не добавил описание", "profile_image": "profiles/32f1614e545d4d76e26d4f82cf_0L9gg5i.webp", "user_location": 1, "user_category": 24, "another": "hello", "password": "2020itrun", "email": "bekbak@gmail.com", "verifed": false, "status_user": "Usually", "customer_or_employee": "Работник", "groups": [], "user_permissions": []}}, {"model": "users.user", "pk": 4012, "fields": {"last_login": null, "is_superuser": false, "first_name": "", "last_name": "", "is_staff": false, "is_active": true, "date_joined": "2022-11-03T07:16:38.695Z", "username": "help", "description": "Пользователь не добавил описание", "profile_image": "", "user_location": null, "user_category": null, "another": null, "password": "pbkdf2_sha256$320000$lz4znhU7hWdEJGxklioERe$1DPNzrUfvV1kmf7+70Ybg0uynaMvl3kwAdpe7Gcfq8Y=", "email": null, "verifed": false, "status_user": "Free", "customer_or_employee": "Работник", "groups": [], "user_permissions": []}}, {"model": "users.user", "pk": 4014, "fields": {"last_login": null, "is_superuser": false, "first_name": "", "last_name": "", "is_staff": false, "is_active": true, "date_joined": "2022-11-05T11:23:46.698Z", "username": "Oaoch", "description": "Пользователь не добавил описание", "profile_image": "", "user_location": null, "user_category": null, "another": null, "password": "pbkdf2_sha256$320000$dA32Uz31G70Bnpe08izhDL$9HR/E3/zfe+Fu5RUyXwbDUXmeaqAEv72pAoA8/LThWY=", "email": null, "verifed": false, "status_user": "Free", "customer_or_employee": "Работник", "groups": [], "user_permissions": []}}, {"model": "users.user", "pk": 4015, "fields": {"last_login": null, "is_superuser": false, "first_name": "Nurtilek", "last_name": "Nurti", "is_staff": false, "is_active": true, "date_joined": "2022-11-07T05:38:37.659Z", "username": "nurtilek", "description": "Hello World", "profile_image": "profiles/00fcb0339843a82ffa51d193ed.jpg", "user_location": 2, "user_category": 24, "another": null, "password": "pbkdf2_sha256$320000$0bM0qIKVWj028vcbWKntwI$+g9B5JUAGQwPoAy+nKrHiQZZmW4LAh3/8HNXZvklgts=", "email": "nurti@gmail.com", "verifed": false, "status_user": "Usually", "customer_or_employee": "Работник", "groups": [], "user_permissions": []}}, {"model": "users.user", "pk": 4016, "fields": {"last_login": null, "is_superuser": false, "first_name": "", "last_name": "", "is_staff": false, "is_active": true, "date_joined": "2022-11-07T05:42:45.048Z", "username": "mers", "description": "Пользователь не добавил описание", "profile_image": "", "user_location": null, "user_category": null, "another": null, "password": "pbkdf2_sha256$320000$Z6ytlaW1gTGcivEULgWI9c$EWPWNV1pSwOxtKhJBCLTzV7oaSoAsqlhqr1Rcv2lFGA=", "email": null, "verifed": false, "status_user": "Free", "customer_or_employee": "Работник", "groups": [], "user_permissions": []}}, {"model": "users.user", "pk": 4017, "fields": {"last_login": null, "is_superuser": false, "first_name": "", "last_name": "", "is_staff": false, "is_active": true, "date_joined": "2022-11-07T05:42:56.813Z", "username": "kuba2", "description": "Пользователь не добавил описание", "profile_image": "", "user_location": null, "user_category": null, "another": null, "password": "pbkdf2_sha256$320000$u6JT3py6F2gseNWmqQrCBS$o5BvMfAMjkQtH2ehcdUnL2Uk6kPpodYN7GoZt3+f+ss=", "email": null, "verifed": false, "status_user": "Free", "customer_or_employee": "Работник", "groups": [], "user_permissions": []}}, {"model": "users.user", "pk": 4018, "fields": {"last_login": null, "is_superuser": false, "first_name": "", "last_name": "", "is_staff": false, "is_active": true, "date_joined": "2022-11-07T05:43:28.051Z", "username": "kuba3", "description": "Пользователь не добавил описание", "profile_image": "", "user_location": null, "user_category": null, "another": null, "password": "pbkdf2_sha256$320000$UVAMaB0ltC1FWwRw0fLJuM$jLZd4azUQl5vNqBSdBe00CHClyW00wGjNS/J2JMMMvM=", "email": null, "verifed": false, "status_user": "Free", "customer_or_employee": "Работник", "groups": [], "user_permissions": []}}, {"model": "users.user", "pk": 4019, "fields": {"last_login": null, "is_superuser": false, "first_name": "", "last_name": "", "is_staff": false, "is_active": true, "date_joined": "2022-11-07T05:43:55.906Z", "username": "kuba4", "description": "Пользователь не добавил описание", "profile_image": "", "user_location": null, "user_category": null, "another": null, "password": "pbkdf2_sha256$320000$DJ1CqD1himhBBFNNj5lHUN$rOZQUNncULglzH/Bj29gz+we4acFpnKP5uXLzOr6at0=", "email": null, "verifed": false, "status_user": "Free", "customer_or_employee": "Работник", "groups": [], "user_permissions": []}}, {"model": "users.contact", "pk": 1, "fields": {"name": "tel", "src": "0777889900", "user": 1}}, {"model": "users.contact", "pk": 2, "fields": {"name": "tel", "src": "0559996474", "user": 3}}, {"model": "users.contact", "pk": 3, "fields": {"name": "whatsapp", "src": "https://wa.me/+996771830438", "user": 4}}, {"model": "users.contact", "pk": 4, "fields": {"name": "tel", "src": "+996771830438", "user": 4}}, {"model": "users.contact", "pk": 5, "fields": {"name": "whatsapp", "src": "https://wa.me/±996772118340", "user": 6}}, {"model": "users.contact", "pk": 6, "fields": {"name": "tel", "src": "+996552118340", "user": 6}}, {"model": "users.contact", "pk": 7, "fields": {"name": "whatsapp", "src": "https://wa.me/+996559996474", "user": 3}}, {"model": "users.contact", "pk": 8, "fields": {"name": "tel", "src": "0777123123", "user": 7}}, {"model": "users.contact", "pk": 9, "fields": {"name": "whatsapp", "src": "https://wa.me/+996 999 99 99 99", "user": 4003}}, {"model": "users.contact", "pk": 10, "fields": {"name": "whatsapp", "src": "https://wa.me/+996 777 777 777", "user": 4003}}, {"model": "users.contact", "pk": 11, "fields": {"name": "tel", "src": "0777886655", "user": 4004}}, {"model": "users.contact", "pk": 12, "fields": {"name": "tel", "src": "0773124412", "user": 4005}}, {"model": "users.contact", "pk": 13, "fields": {"name": "instagram", "src": "https://www.instagram.com/erk1nbaew/", "user": 4006}}, {"model": "users.contact", "pk": 15, "fields": {"name": "Telegram", "src": "https://stackoverflow.com/questions/67764541/user-account-delete-in-djangos-rest", "user": 4012}}, {"model": "users.contact", "pk": 16, "fields": {"name": "Telegram12", "src": "https://stackoverflow.com/questions/67764541/user-account-delete-in-djangos-rest", "user": 4012}}, {"model": "users.contact", "pk": 17, "fields": {"name": "Telegram12", "src": "https://stackoverflow.com/questions/67764541/user-account-delete-in-djangos-rest", "user": 4012}}, {"model": "users.contact", "pk": 18, "fields": {"name": "Telegram12", "src": "https://stackoverflow.com/questions/67764541/user-account-delete-in-djangos-rest", "user": 4012}}, {"model": "users.contact", "pk": 19, "fields": {"name": "Telegram12", "src": "https://stackoverflow.com/questions/67764541/user-account-delete-in-djangos-rest", "user": 4012}}, {"model": "users.contact", "pk": 20, "fields": {"name": "Telegram12", "src": "https://stackoverflow.com/questions/67764541/user-account-delete-in-djangos-rest", "user": 4012}}, {"model": "users.contact", "pk": 21, "fields": {"name": "whatsapp", "src": "https://wa.me/0776543212", "user": 4015}}, {"model": "users.media", "pk": 4, "fields": {"name": "img", "file": "media_files   /img/BMW_M5_F90_2019_Edition_35_Years_Black_570701_1920x1080_D6z6Xti.jpg", "src": null, "user": 3}}, {"model": "users.media", "pk": 5, "fields": {"name": "img", "file": "media_files   /img/IMG-20220928-WA0004.jpeg", "src": null, "user": 4}}, {"model": "users.media", "pk": 6, "fields": {"name": "img", "file": "media_files   /img/P90411349-the-new-bmw-m5-cs-studio-01-2021-2250px.jpg", "src": null, "user": 3}}, {"model": "users.media", "pk": 7, "fields": {"name": "img", "file": "media_files   /img/IMG-20220924-WA0009.jpg", "src": null, "user": 3}}, {"model": "users.media", "pk": 8, "fields": {"name": "img", "file": "media_files   /img/2021-bmw-5-series-lci-teaser_1.webp", "src": null, "user": 3}}, {"model": "users.media", "pk": 9, "fields": {"name": "img", "file": "media_files   /img/IMG-20221001-WA0008.jpg", "src": null, "user": 4}}, {"model": "users.media", "pk": 10, "fields": {"name": "video", "file": "", "src": "https://youtu.be/RpqYUmdLNbQ", "user": 3}}, {"model": "users.media", "pk": 12, "fields": {"name": "img", "file": "media_files   /img/logo.png", "src": null, "user": 4003}}, {"model": "users.media", "pk": 13, "fields": {"name": "video", "file": "", "src": "https://youtu.be/5XRiR0sZjpc", "user": 4003}}, {"model": "users.media", "pk": 14, "fields": {"name": "img", "file": "media_files   /img/20221010_131831.jpg", "src": null, "user": 6}}, {"model": "users.media", "pk": 15, "fields": {"name": "img", "file": "media_files   /img/p90391543-highres-the-new-bmw-8-series-2c7207.jpg", "src": null, "user": 3}}, {"model": "users.media", "pk": 16, "fields": {"name": "img", "file": "media_files   /img/2.jpg", "src": null, "user": 3}}, {"model": "users.media", "pk": 19, "fields": {"name": "img", "file": "media_files   /img/e20820f41b6a66fe3f807390a5.webp", "src": null, "user": 4016}}]